Tier,Year Cost,Number of Customers
1,0,1238
2,137435,1217
3,192780,1220
4,799833.3333333336,1170
5,2082166.666666667,1238
6,2101950,681
