2023-12-01 00:00:00,Rent,Utilities,Security,Wages,Inventory,Transportation,TransactionFees,Advertising,Insurance
Actual,84000,9255.251667,7500,22500,100430.9858,14779.69917,4258.89,25574.99667,6000
