2023-11-01 00:00:00,Rent,Utilities,Security,Wages,Inventory,Transportation,TransactionFees,Advertising,Insurance
Actual,84000,9255.251667,7500,22500,179179.6058,23844.88917,4428.22,25574.99667,6000
