2023-03-01 00:00:00,Rent,Utilities,Security,Wages,Inventory,Transportation,TransactionFees,Advertising,Insurance
Actual,84000,9255.251667,7500,22500,230988.6658,18856.66917,4968.78,25574.99667,6000
