2023-06-01 00:00:00,Rent,Utilities,Security,Wages,Inventory,Transportation,TransactionFees,Advertising,Insurance
Actual,84000,9255.251667,7500,22500,229251.0358,18902.92917,5043.07,25574.99667,6000
