2023-08-01 00:00:00,Rent,Utilities,Security,Wages,Inventory,Transportation,TransactionFees,Advertising,Insurance
Actual,84000,9255.251667,7500,22500,206210.8058,17955.35917,4770.95,25574.99667,6000
