2023-07-01 00:00:00,Rent,Utilities,Security,Wages,Inventory,Transportation,TransactionFees,Advertising,Insurance
Actual,84000,9255.251667,7500,22500,236123.0458,16899.54917,4856.25,25574.99667,6000
