2023-09-01 00:00:00,Rent,Utilities,Security,Wages,Inventory,Transportation,TransactionFees,Advertising,Insurance
Actual,84000,9255.251667,7500,22500,213082.8158,19297.19917,4800.45,25574.99667,6000
