2023-05-01 00:00:00,Rent,Utilities,Security,Wages,Inventory,Transportation,TransactionFees,Advertising,Insurance
Actual,84000,9255.251667,7500,22500,234528.5758,17847.11917,5128.37,25574.99667,6000
