2023-01-01 00:00:00,Rent,Utilities,Security,Wages,Inventory,Transportation,TransactionFees,Advertising,Insurance
Actual,84000,9255.251667,7500,22500,341902.8658,21022.77917,5640.43,25574.99667,6000
