2023-04-01 00:00:00,Rent,Utilities,Security,Wages,Inventory,Transportation,TransactionFees,Advertising,Insurance
Actual,84000,9255.251667,7500,22500,263154.2458,16505.27917,5098.87,25574.99667,6000
