Country,Population Density 2000,Population Density 2021,% Change in Population Density,Rank % Change
Qatar,55.751510444,232.024426031,316.176035743,1
United Arab Emirates,39.178624402,112.023265550,185.929552812,2
Turks and Caicos Islands,43.590697674,104.916279070,140.685019206,3
Equatorial Guinea,24.418986845,58.267655342,138.616187113,4
Jordan,56.937614018,125.540843675,120.488416736,5
Kuwait,108.592490740,238.529240094,119.655372549,6
Niger,9.175546696,19.935834846,117.271357301,7
Angola,13.149965509,27.676084062,110.465069609,8
Chad,6.559035102,13.643376747,108.008899719,9
Bahrain,905.142493639,1861.660305344,105.675937041,10
