Country,Population Density 2021,Rank Population Density 2021
Macao,24347.765957447,1
Monaco,18161.386138614,2
Singapore,7616.712290503,3
Hong Kong,6702.622061483,4
Gibraltar,5026,5
Bahrain,1861.660305344,6
Maldives,1749.855704698,7
Malta,1640.936708861,8
Bangladesh,1261.893858786,9
Sint Maarten,1260.176470588,10
