Subject,Drop Outs,Active,Total Enrolled,Drop Out Rate
French,55,141,196,0.280612245
English,44,128,172,0.255813953
Science,47,129,176,0.267045455
History,63,155,218,0.288990826
Math,64,150,214,0.299065421
Physical Education,59,143,202,0.292079208
Geography,65,154,219,0.296803653
